Grupos de edad por quinquenios, Bogotá D.C. 2005, 2010, 2015 y 2020;;;;;;;;;;;;;;;;;;;;;;;;;;;;;
;;;;;;;;;;;;;;;;;;;;;;;;;;;;;
;;;;;;;;;;;;;;;;;;;;;;;;;;;;;
Año;2005;;;2010;;;2015;;;2020;;;;Año;2005;;;2010;;;2015;;;2020;;;;;
Grupos de edad;Hombres;Mujeres;Total;Hombres;Mujeres;Total;Hombres;Mujeres;Total;Hombres;Mujeres;Total;;Grupos de edad;Hombres;Mujeres;Total;Hombres;Mujeres;Total;Hombres;Mujeres;Total;Hombres;Mujeres;Total;;;
 0-4;304.095;290.790;594.885;304.059;289.775;593.834;309.432;293.798;603.230;251.852;241.435;493.287;; 0-4;9,26%;8,18%;8,70%;8,57%;7,60%;8,06%;8,12%;7,22%;7,66%;6,79%;5,98%;6,37%;;;
 5-9  ;317.962;305.340;623.302;306.436;292.071;598.507;306.434;291.748;598.182;246.306;236.517;482.823;; 5-9  ;9,68%;8,59%;9,11%;8,64%;7,66%;8,13%;8,04%;7,17%;7,59%;6,64%;5,86%;6,23%;;;
 10-14  ;325.522;312.530;638.052;319.911;308.646;628.557;309.819;295.249;605.068;249.424;241.276;490.700;; 10-14  ;9,91%;8,79%;9,33%;9,01%;8,09%;8,54%;8,13%;7,26%;7,68%;6,73%;5,98%;6,34%;;;
 15-19;307.736;300.289;608.025;331.371;320.742;652.113;325.752;316.724;642.476;277.245;273.634;550.879;; 15-19;9,37%;8,45%;8,89%;9,34%;8,41%;8,86%;8,55%;7,78%;8,15%;7,48%;6,78%;7,11%;;;
 20-24;308.620;335.953;644.573;314.591;310.388;624.979;338.888;331.072;669.960;354.946;356.644;711.590;; 20-24;9,39%;9,45%;9,42%;8,86%;8,14%;8,49%;8,89%;8,14%;8,50%;9,57%;8,84%;9,19%;;;
 25-29;292.733;318.352;611.085;312.007;341.825;653.832;319.048;316.585;635.633;373.077;376.169;749.246;; 25-29;8,91%;8,96%;8,93%;8,79%;8,96%;8,88%;8,37%;7,78%;8,07%;10,06%;9,32%;9,68%;;;
 30-34;256.734;280.767;537.501;293.278;320.707;613.985;313.458;344.416;657.874;332.708;340.455;673.163;; 30-34;7,81%;7,90%;7,86%;8,26%;8,41%;8,34%;8,23%;8,46%;8,35%;8,97%;8,44%;8,69%;;;
 35-39;246.053;276.102;522.155;256.024;281.535;537.559;293.158;321.621;614.779;298.000;315.704;613.704;; 35-39;7,49%;7,77%;7,63%;7,21%;7,38%;7,30%;7,69%;7,90%;7,80%;8,04%;7,82%;7,92%;;;
 40-44;232.004;267.213;499.217;244.290;275.771;520.061;254.902;281.441;536.343;255.201;284.724;539.925;; 40-44;7,06%;7,52%;7,30%;6,88%;7,23%;7,06%;6,69%;6,92%;6,81%;6,88%;7,05%;6,97%;;;
 45-49;192.005;227.516;419.521;229.412;265.949;495.361;242.123;274.714;516.837;219.418;257.705;477.123;; 45-49;5,84%;6,40%;6,13%;6,46%;6,97%;6,73%;6,35%;6,75%;6,56%;5,92%;6,38%;6,16%;;;
 50-54;149.116;178.812;327.928;188.754;225.498;414.252;225.926;263.777;489.703;210.886;257.211;468.097;; 50-54;4,54%;5,03%;4,79%;5,32%;5,91%;5,63%;5,93%;6,48%;6,22%;5,69%;6,37%;6,04%;;;
 55-59;114.927;138.070;252.997;145.064;176.026;321.090;183.930;222.154;406.084;193.227;241.982;435.209;; 55-59;3,50%;3,88%;3,70%;4,09%;4,61%;4,36%;4,83%;5,46%;5,15%;5,21%;6,00%;5,62%;50 años;11,66%;0,853617764
 60-64;84.365;102.054;186.419;109.817;134.465;244.282;138.521;171.404;309.925;154.051;198.658;352.709;; 60-64;2,57%;2,87%;2,73%;3,09%;3,52%;3,32%;3,64%;4,21%;3,93%;4,15%;4,92%;4,55%;60 años;13,66%;
 65-69;58.395;77.296;135.691;78.036;97.554;175.590;101.631;128.566;230.197;111.204;149.260;260.464;; 65-69;1,78%;2,17%;1,98%;2,20%;2,56%;2,38%;2,67%;3,16%;2,92%;3,00%;3,70%;3,36%;;;
 70-74;42.022;57.912;99.934;51.185;71.279;122.464;68.583;90.087;158.670;76.352;106.789;183.141;; 70-74;1,28%;1,63%;1,46%;1,44%;1,87%;1,66%;1,80%;2,21%;2,01%;2,06%;2,65%;2,36%;;;
 75-79;29.381;43.193;72.574;33.870;50.271;84.141;41.392;62.014;103.406;48.851;70.936;119.787;; 75-79;0,89%;1,22%;1,06%;0,95%;1,32%;1,14%;1,09%;1,52%;1,31%;1,32%;1,76%;1,55%;;;
 80 y más;24.038;42.219;66.257;30.608;52.567;83.175;37.016;63.400;100.416;55.090;87.018;142.108;; 80 y más;0,73%;1,19%;0,97%;0,86%;1,38%;1,13%;0,97%;1,56%;1,27%;1,49%;2,16%;1,84%;;;
Población total ;3.285.708;3.554.408;6.840.116;3.548.713;3.815.069;7.363.782;3.810.013;4.068.770;7.878.783;3.707.838;4.036.117;7.743.955;;Población total ;100,00%;100,00%;100,00%;100,00%;100,00%;100,00%;100,00%;100,00%;100,00%;100,00%;100,00%;100,00%;;;
;;;;;;;;;;;;;;;;;;;;;;;;;;;;;
;2005 Usaquén;;;2015 Usaquén;;;2020 Usaquén ;;;;;;;;;;;;;;;;;;;;;;
Grupo de edad;Hombres;Mujeres;Total;Hombres;Mujeres;Total;Hombres;Mujeres;Total;;;;;;;;;;;;;;;;;;;;
 0-4;15.062;15.420;30.482;14.266;14.374;28.640;13.335;12.631;25.966;;;;;;;;;;;;;;;;;;;;
 5-9  ;16.214;16.670;32.884;14.551;14.698;29.249;14.047;13.244;27.291;;;;;;;;;;;;;;;;;;;;
 10-14  ;17.065;17.536;34.601;15.144;15.311;30.455;14.983;14.143;29.126;;;;;;;;;;;;;;;;;;;;
 15-19;18.094;18.889;36.983;17.957;18.529;36.486;15.136;15.609;30.745;;;;;;;;;;;;;;;;;;;;
 20-24;19.219;22.438;41.657;19.951;20.675;40.626;16.742;17.479;34.221;;;;;;;;;;;;;;;;;;;;
 25-29;18.620;21.697;40.317;19.173;20.168;39.341;17.259;18.056;35.315;;;;;;;;;;;;;;;;;;;;
 30-34;16.298;19.098;35.396;18.694;21.832;40.526;17.368;18.443;35.811;;;;;;;;;;;;;;;;;;;;
 35-39;15.174;18.266;33.440;16.998;19.824;36.822;17.520;20.692;38.212;;;;;;;;;;;;;;;;;;;;
 40-44;14.891;18.408;33.299;15.444;18.126;33.570;16.806;19.832;36.638;;;;;;;;;;;;;;;;;;;;
 45-49;13.423;17.080;30.503;16.023;19.342;35.365;15.127;17.988;33.115;;;;;;;;;;;;;;;;;;;;
 50-54;11.301;14.552;25.853;16.230;20.176;36.406;14.452;17.741;32.193;;;;;;;;;;;;;;;;;;;;
 55-59;9.209;11.877;21.086;14.018;18.050;32.068;13.958;17.770;31.728;;;;;;;;;;;;;;;;;;;;
 60-64;6.736;8.755;15.491;10.552;13.939;24.491;11.850;15.804;27.654;;;;;;;;;;;;;;;;;;;;
 65-69;4.869;6.941;11.810;8.138;10.996;19.134;9.169;12.709;21.878;;;;;;;;;;;;;;;;;;;;
 70-74;3.435;5.106;8.541;5.406;7.601;13.007;6.685;9.670;16.355;;;;;;;;;;;;;;;;;;;;
 75-79;2.488;3.957;6.445;3.392;5.472;8.864;4.136;6.389;10.525;;;;;;;;;;;;;;;;;;;;
 80 y más;2.104;4.032;6.136;3.157;5.859;9.016;3.517;6.641;10.158;;;;;;;;;;;;;;;;;;;;
Población total ;204.202;240.722;444.924;229.094;264.972;494.066;222.090;254.841;476.931;;;;;;;;;;;;;;;;;;;;
;2005 Chapinero;;;2015 Chapinero;;; 2020 Chapinero;;;;;;;;;;;;;;;;;;;;;;
Grupo de edad;Hombres;Mujeres;Total;Hombres;Mujeres;Total;Hombres;Mujeres;Total;;;;;;;;;;;;;;;;;;;;
 0-4;3.231;3.302;6.533;2.999;2.919;5.918;2.323;2.169;4.492;;;;;;;;;;;;;;;;;;;;
 5-9  ;3.111;3.190;6.301;2.736;2.674;5.410;2.724;2.457;5.181;;;;;;;;;;;;;;;;;;;;
 10-14  ;3.400;3.485;6.885;2.958;2.891;5.849;3.410;2.990;6.400;;;;;;;;;;;;;;;;;;;;
 15-19;4.864;5.064;9.928;4.733;4.720;9.453;3.911;3.682;7.593;;;;;;;;;;;;;;;;;;;;
 20-24;6.466;7.529;13.995;6.586;6.596;13.182;4.260;4.052;8.312;;;;;;;;;;;;;;;;;;;;
 25-29;6.401;7.437;13.838;6.465;6.572;13.037;4.393;4.180;8.573;;;;;;;;;;;;;;;;;;;;
 30-34;5.138;6.004;11.142;5.790;6.524;12.314;5.195;5.009;10.204;;;;;;;;;;;;;;;;;;;;
 35-39;4.230;5.079;9.309;4.656;5.239;9.895;5.612;6.017;11.629;;;;;;;;;;;;;;;;;;;;
 40-44;4.078;5.025;9.103;4.155;4.706;8.861;5.076;5.432;10.508;;;;;;;;;;;;;;;;;;;;
 45-49;3.792;4.812;8.604;4.453;5.182;9.635;4.285;4.615;8.900;;;;;;;;;;;;;;;;;;;;
 50-54;3.315;4.258;7.573;4.684;5.614;10.298;3.844;4.273;8.117;;;;;;;;;;;;;;;;;;;;
 55-59;2.776;3.568;6.344;4.160;5.155;9.315;3.890;4.475;8.365;;;;;;;;;;;;;;;;;;;;
 60-64;2.061;2.670;4.731;3.179;4.042;7.221;3.589;4.320;7.909;;;;;;;;;;;;;;;;;;;;
 65-69;1.566;2.226;3.792;2.579;3.352;5.931;2.997;3.742;6.739;;;;;;;;;;;;;;;;;;;;
 70-74;1.167;1.730;2.897;1.813;2.450;4.263;2.277;2.966;5.243;;;;;;;;;;;;;;;;;;;;
 75-79;974;1.545;2.519;1.316;2.031;3.347;1.430;1.988;3.418;;;;;;;;;;;;;;;;;;;;
 80 y más;956;1.824;2.780;1.423;2.518;3.941;1.367;2.344;3.711;;;;;;;;;;;;;;;;;;;;
Población total ;57.526;68.748;126.274;64.685;73.185;137.870;60.583;64.711;125.294;;;;;;;;;;;;;;;;;;;;
;2005 Santa Fe;;;2015 Santa Fe;;; 2020 Santa Fe;;;;;;;;;;;;;;;;;;;;;;
Grupo de edad;Hombres;Mujeres;Total;Hombres;Mujeres;Total;Hombres;Mujeres;Total;;;;;;;;;;;;;;;;;;;;
 0-4;5.125;4.541;9.666;4.473;3.915;8.388;3.305;3.118;6.423;;;;;;;;;;;;;;;;;;;;
 5-9  ;5.209;4.638;9.847;4.317;3.786;8.103;3.355;3.122;6.477;;;;;;;;;;;;;;;;;;;;
 10-14  ;5.387;4.794;10.181;4.415;3.877;8.292;3.424;3.159;6.583;;;;;;;;;;;;;;;;;;;;
 15-19;5.237;4.731;9.968;4.800;4.295;9.095;3.605;3.133;6.738;;;;;;;;;;;;;;;;;;;;
 20-24;5.295;5.306;10.601;5.039;4.528;9.567;3.709;3.263;6.972;;;;;;;;;;;;;;;;;;;;
 25-29;4.830;4.830;9.660;4.562;4.157;8.719;3.772;3.323;7.095;;;;;;;;;;;;;;;;;;;;
 30-34;4.032;4.052;8.084;4.272;4.290;8.562;3.533;3.156;6.689;;;;;;;;;;;;;;;;;;;;
 35-39;3.834;3.951;7.785;3.960;3.971;7.931;3.458;3.408;6.866;;;;;;;;;;;;;;;;;;;;
 40-44;3.534;3.733;7.267;3.373;3.403;6.776;3.170;3.119;6.289;;;;;;;;;;;;;;;;;;;;
 45-49;3.036;3.293;6.329;3.336;3.452;6.788;2.724;2.699;5.423;;;;;;;;;;;;;;;;;;;;
 50-54;2.531;2.775;5.306;3.351;3.563;6.914;2.680;2.735;5.415;;;;;;;;;;;;;;;;;;;;
 55-59;1.965;2.157;4.122;2.764;3.036;5.800;2.535;2.669;5.204;;;;;;;;;;;;;;;;;;;;
 60-64;1.497;1.655;3.152;2.171;2.439;4.610;2.191;2.402;4.593;;;;;;;;;;;;;;;;;;;;
 65-69;1.150;1.382;2.532;1.767;2.028;3.795;1.782;2.021;3.803;;;;;;;;;;;;;;;;;;;;
 70-74;896;1.121;2.017;1.299;1.545;2.844;1.265;1.494;2.759;;;;;;;;;;;;;;;;;;;;
 75-79;667;886;1.553;841;1.135;1.976;813;1025;1.838;;;;;;;;;;;;;;;;;;;;
 80 y más;542;851;1.393;749;1.144;1.893;771;1.173;1.944;;;;;;;;;;;;;;;;;;;;
Población total ;54.767;54.696;109.463;55.489;54.564;110.053;46.092;45.019;91.111;;;;;;;;;;;;;;;;;;;;
;2005 San Cristóbal;;;2015 San Cristóbal;;; 2020 San Cristóbal;;;;;;;;;;;;;;;;;;;;;;
Grupo de edad;Hombres;Mujeres;Total;Hombres;Mujeres;Total;Hombres;Mujeres;Total;;;;;;;;;;;;;;;;;;;;
 0-4;20.369;19.276;39.645;17.868;16.790;34.658;16.529;15.704;32.233;;;;;;;;;;;;;;;;;;;;
 5-9  ;21.472;20.396;41.868;17.828;16.800;34.628;16.340;15.547;31.887;;;;;;;;;;;;;;;;;;;;
 10-14  ;22.485;21.348;43.833;18.465;17.415;35.880;15.822;15.167;30.989;;;;;;;;;;;;;;;;;;;;
 15-19;20.253;19.522;39.775;18.600;17.892;36.492;15.468;15.026;30.494;;;;;;;;;;;;;;;;;;;;
 20-24;18.332;19.671;38.003;17.532;16.934;34.466;15.870;15.604;31.474;;;;;;;;;;;;;;;;;;;;
 25-29;16.515;17.686;34.201;15.672;15.360;31.032;16.431;16.195;32.626;;;;;;;;;;;;;;;;;;;;
 30-34;14.556;15.672;30.228;15.443;16.739;32.182;14.899;14.901;29.800;;;;;;;;;;;;;;;;;;;;
 35-39;14.678;16.220;30.898;15.193;16.446;31.639;13.586;15.042;28.628;;;;;;;;;;;;;;;;;;;;
 40-44;13.283;15.052;28.335;12.714;13.850;26.564;12.196;13.492;25.688;;;;;;;;;;;;;;;;;;;;
 45-49;10.349;12.055;22.404;11.398;12.754;24.152;10.505;11.710;22.215;;;;;;;;;;;;;;;;;;;;
 50-54;7.825;9.218;17.043;10.375;11.942;22.317;10.402;11.958;22.360;;;;;;;;;;;;;;;;;;;;
 55-59;6.006;7.086;13.092;8.453;10.060;18.513;9.384;11.159;20.543;;;;;;;;;;;;;;;;;;;;
 60-64;4.570;5.428;9.998;6.622;8.079;14.701;7.282;9.044;16.326;;;;;;;;;;;;;;;;;;;;
 65-69;3.318;4.306;7.624;5.115;6.372;11.487;5.334;6.870;12.204;;;;;;;;;;;;;;;;;;;;
 70-74;2.436;3.290;5.726;3.536;4.575;8.111;3.728;5.007;8.735;;;;;;;;;;;;;;;;;;;;
 75-79;1.576;2.269;3.845;1.986;2.933;4.919;2397;3436;5.833;;;;;;;;;;;;;;;;;;;;
 80 y más;1.156;1.979;3.135;1.596;2.688;4.284;2024;3.501;5.525;;;;;;;;;;;;;;;;;;;;
Población total ;199.179;210.474;409.653;198.396;207.629;406.025;188.197;199.363;387.560;;;;;;;;;;;;;;;;;;;;
;2005 Usme;;;2015 Usme;;; 2020 Usme;;;;;;;;;;;;;;;;;;;;;;
Grupo de edad;Hombres;Mujeres;Total;Hombres;Mujeres;Total;Hombres;Mujeres;Total;;;;;;;;;;;;;;;;;;;;
 0-4;16.637;15.600;32.237;21.659;20.143;41.802;17.154;16.325;33.479;;;;;;;;;;;;;;;;;;;;
 5-9  ;17.636;16.604;34.240;21.743;20.274;42.017;16.646;15.916;32.562;;;;;;;;;;;;;;;;;;;;
 10-14  ;18.128;17.057;35.185;22.105;20.630;42.735;15.715;15.188;30.903;;;;;;;;;;;;;;;;;;;;
 15-19;15.795;15.088;30.883;21.540;20.500;42.040;14.994;14.575;29.569;;;;;;;;;;;;;;;;;;;;
 20-24;13.942;14.817;28.759;19.784;18.907;38.691;15.189;14.953;30.142;;;;;;;;;;;;;;;;;;;;
 25-29;11.911;12.635;24.546;16.778;16.268;33.046;15.212;15.012;30.224;;;;;;;;;;;;;;;;;;;;
 30-34;10.214;10.893;21.107;16.092;17.247;33.339;13.326;13.343;26.669;;;;;;;;;;;;;;;;;;;;
 35-39;10.007;10.951;20.958;15.379;16.459;31.838;12.098;13.408;25.506;;;;;;;;;;;;;;;;;;;;
 40-44;9.171;10.291;19.462;13.034;14.037;27.071;10.638;11.781;22.419;;;;;;;;;;;;;;;;;;;;
 45-49;7.559;8.719;16.278;12.363;13.673;26.036;9.073;10.125;19.198;;;;;;;;;;;;;;;;;;;;
 50-54;5.674;6.620;12.294;11.174;12.712;23.886;8.540;9.821;18.361;;;;;;;;;;;;;;;;;;;;
 55-59;3.827;4.471;8.298;8.002;9.411;17.413;7.328;8.718;16.046;;;;;;;;;;;;;;;;;;;;
 60-64;2.600;3.058;5.658;5.594;6.742;12.336;5.633;6.996;12.629;;;;;;;;;;;;;;;;;;;;
 65-69;1.704;2.188;3.892;3.898;4.801;8.699;3.927;5.057;8.984;;;;;;;;;;;;;;;;;;;;
 70-74;1.177;1.572;2.749;2.534;3.241;5.775;2.381;3.197;5.578;;;;;;;;;;;;;;;;;;;;
 75-79;726;1.031;1.757;1.356;1.973;3.329;1.370;1.961;3.331;;;;;;;;;;;;;;;;;;;;
 80 y más;490;828;1.318;1.004;1.667;2.671;1004;1.728;2.732;;;;;;;;;;;;;;;;;;;;
Población total ;147.198;152.423;299.621;214.039;218.685;432.724;170.228;178.104;348.332;;;;;;;;;;;;;;;;;;;;
;2005 Tunjuelito;;;2015 Tunjuelito;;; 2020 Tunjuelito;;;;;;;;;;;;;;;;;;;;;;
Grupo de edad;Hombres;Mujeres;Total;Hombres;Mujeres;Total;Hombres;Mujeres;Total;;;;;;;;;;;;;;;;;;;;
 0-4;9.189;8.498;17.687;7.998;7.250;15.248;6.726;6.351;13.077;;;;;;;;;;;;;;;;;;;;
 5-9  ;9.700;9.004;18.704;8.006;7.271;15.277;6.868;6.411;13.279;;;;;;;;;;;;;;;;;;;;
 10-14  ;10.070;9.342;19.412;8.218;7.472;15.690;6.959;6.461;13.420;;;;;;;;;;;;;;;;;;;;
 15-19;9.979;9.400;19.379;9.109;8.446;17.555;7.097;6.483;13.580;;;;;;;;;;;;;;;;;;;;
 20-24;9.448;9.896;19.344;8.975;8.352;17.327;7.414;6.851;14.265;;;;;;;;;;;;;;;;;;;;
 25-29;8.309;8.683;16.992;7.832;7.394;15.226;7.555;6.992;14.547;;;;;;;;;;;;;;;;;;;;
 30-34;7.434;7.812;15.246;7.848;8.178;16.026;7.413;6.959;14.372;;;;;;;;;;;;;;;;;;;;
 35-39;7.469;8.050;15.519;7.689;8.003;15.692;7.006;7.269;14.275;;;;;;;;;;;;;;;;;;;;
 40-44;7.093;7.838;14.931;6.752;7.069;13.821;6.147;6.366;12.513;;;;;;;;;;;;;;;;;;;;
 45-49;5.787;6.573;12.360;6.342;6.818;13.160;5.380;5.616;10.996;;;;;;;;;;;;;;;;;;;;
 50-54;4.213;4.838;9.051;5.560;6.147;11.707;5.210;5.602;10.812;;;;;;;;;;;;;;;;;;;;
 55-59;3.141;3.613;6.754;4.403;5.031;9.434;4.982;5.537;10.519;;;;;;;;;;;;;;;;;;;;
 60-64;2.340;2.710;5.050;3.378;3.952;7.330;4.214;4.885;9.099;;;;;;;;;;;;;;;;;;;;
 65-69;1.694;2.139;3.833;2.600;3.104;5.704;3.131;3.755;6.886;;;;;;;;;;;;;;;;;;;;
 70-74;1.451;1.906;3.357;2.097;2.599;4.696;2.179;2.724;4.903;;;;;;;;;;;;;;;;;;;;
 75-79;1.035;1.447;2.482;1.300;1.832;3.132;1.372;1.830;3.202;;;;;;;;;;;;;;;;;;;;
 80 y más;843;1.398;2.241;1.162;1.861;3.023;1.270;2.052;3.322;;;;;;;;;;;;;;;;;;;;
Población total ;99.195;103.147;202.342;99.269;100.779;200.048;90.923;92.144;183.067;;;;;;;;;;;;;;;;;;;;
;2005 Bosa;;;2015 Bosa;;; 2020 Bosa;;;;;;;;;;;;;;;;;;;;;;
Grupo de edad;Hombres;Mujeres;Total;Hombres;Mujeres;Total;Hombres;Mujeres;Total;;;;;;;;;;;;;;;;;;;;
 0-4;26.460;24.830;51.290;30.713;29.052;59.765;36.861;35.091;71.952;;;;;;;;;;;;;;;;;;;;
 5-9  ;28.139;26.510;54.649;30.917;29.319;60.236;34.936;33.441;68.377;;;;;;;;;;;;;;;;;;;;
 10-14  ;27.545;25.941;53.486;29.933;28.412;58.345;32.988;31.941;64.929;;;;;;;;;;;;;;;;;;;;
 15-19;23.720;22.677;46.397;28.824;27.904;56.728;32.565;31.757;64.322;;;;;;;;;;;;;;;;;;;;
 20-24;21.988;23.390;45.378;27.809;27.030;54.839;34.990;34.552;69.542;;;;;;;;;;;;;;;;;;;;
 25-29;20.571;21.839;42.410;25.818;25.467;51.285;35.348;34.997;70.345;;;;;;;;;;;;;;;;;;;;
 30-34;19.268;20.568;39.836;27.025;29.490;56.515;31.350;31.499;62.849;;;;;;;;;;;;;;;;;;;;
 35-39;18.927;20.730;39.657;25.893;28.219;54.112;28.967;32.198;61.165;;;;;;;;;;;;;;;;;;;;
 40-44;16.060;18.037;34.097;20.316;22.278;42.594;26.043;28.929;54.972;;;;;;;;;;;;;;;;;;;;
 45-49;12.160;14.037;26.197;17.695;19.937;37.632;23.013;25.762;48.775;;;;;;;;;;;;;;;;;;;;
 50-54;9.319;10.880;20.199;16.325;18.921;35.246;21.651;24.994;46.645;;;;;;;;;;;;;;;;;;;;
 55-59;6.747;7.891;14.638;12.548;15.042;27.590;17.587;21.001;38.588;;;;;;;;;;;;;;;;;;;;
 60-64;4.809;5.663;10.472;9.205;11.311;20.516;12.600;15.713;28.313;;;;;;;;;;;;;;;;;;;;
 65-69;2.975;3.823;6.798;6.053;7.597;13.650;8.913;11.527;20.440;;;;;;;;;;;;;;;;;;;;
 70-74;1.897;2.539;4.436;3.633;4.739;8.372;5.759;7.771;13.530;;;;;;;;;;;;;;;;;;;;
 75-79;1.151;1.639;2.790;1.913;2.846;4.759;3.475;5.002;8.477;;;;;;;;;;;;;;;;;;;;
 80 y más;948;1.605;2.553;1.723;2.926;4.649;2.354;4.085;6.439;;;;;;;;;;;;;;;;;;;;
Población total ;242.684;252.599;495.283;316.343;330.490;646.833;389.400;410.260;799.660;;;;;;;;;;;;;;;;;;;;
;2005 Kennedy;;;2015 Kennedy;;; 2020 Kennedy;;;;;;;;;;;;;;;;;;;;;;
Grupo de edad;Hombres;Mujeres;Total;Hombres;Mujeres;Total;Hombres;Mujeres;Total;;;;;;;;;;;;;;;;;;;;
 0-4;45.119;42.818;87.937;44.969;42.263;87.232;49.773;47.136;96.909;;;;;;;;;;;;;;;;;;;;
 5-9  ;45.579;43.431;89.010;42.991;40.518;83.509;48.696;45.893;94.589;;;;;;;;;;;;;;;;;;;;
 10-14  ;45.667;43.498;89.165;42.602;40.181;82.783;48.351;45.611;93.962;;;;;;;;;;;;;;;;;;;;
 15-19;41.986;40.596;82.582;43.802;42.139;85.941;49.566;47.348;96.914;;;;;;;;;;;;;;;;;;;;
 20-24;42.714;45.987;88.701;46.414;44.834;91.248;52.395;50.700;103.095;;;;;;;;;;;;;;;;;;;;
 25-29;42.759;45.948;88.707;46.116;45.199;91.315;53.819;52.117;105.936;;;;;;;;;;;;;;;;;;;;
 30-34;37.058;40.038;77.096;44.679;48.427;93.106;49.019;48.193;97.212;;;;;;;;;;;;;;;;;;;;
 35-39;34.007;37.698;71.705;39.996;43.291;83.287;47.962;52.176;100.138;;;;;;;;;;;;;;;;;;;;
 40-44;31.822;36.190;68.012;34.619;37.703;72.322;46.362;50.392;96.754;;;;;;;;;;;;;;;;;;;;
 45-49;25.945;30.334;56.279;32.476;36.351;68.827;39.483;43.248;82.731;;;;;;;;;;;;;;;;;;;;
 50-54;20.524;24.267;44.791;30.927;35.602;66.529;36.067;40.723;76.790;;;;;;;;;;;;;;;;;;;;
 55-59;15.742;18.633;34.375;25.176;29.965;55.141;32.765;38.279;71.044;;;;;;;;;;;;;;;;;;;;
 60-64;11.078;13.210;24.288;18.248;22.256;40.504;24.992;30.496;55.488;;;;;;;;;;;;;;;;;;;;
 65-69;6.970;9.077;16.047;12.216;15.221;27.437;18.084;22.881;40.965;;;;;;;;;;;;;;;;;;;;
 70-74;4.854;6.586;11.440;8.013;10.374;18.387;12.390;16.338;28.728;;;;;;;;;;;;;;;;;;;;
 75-79;3.282;4.746;8.028;4.705;6.947;11.652;7.375;10.388;17.763;;;;;;;;;;;;;;;;;;;;
 80 y más;2.431;4.183;6.614;3.817;6.432;10.249;5.322;9.050;14.372;;;;;;;;;;;;;;;;;;;;
Población total ;457.537;487.240;944.777;521.766;547.703;1.069.469;622.421;650.969;1.273.390;;;;;;;;;;;;;;;;;;;;
;2005 Fontibón;;;2015 Fontibón;;; 2020 Fontibón;;;;;;;;;;;;;;;;;;;;;;
Grupo de edad;Hombres;Mujeres;Total;Hombres;Mujeres;Total;Hombres;Mujeres;Total;;;;;;;;;;;;;;;;;;;;
 0-4;12.245;12.003;24.248;13.542;13.348;26.890;15.311;14.587;29.898;;;;;;;;;;;;;;;;;;;;
 5-9  ;12.900;12.693;25.593;13.505;13.339;26.844;15.219;14.604;29.823;;;;;;;;;;;;;;;;;;;;
 10-14  ;13.367;13.146;26.513;13.839;13.681;27.520;15.276;14.852;30.128;;;;;;;;;;;;;;;;;;;;
 15-19;12.421;12.407;24.828;14.380;14.506;28.886;15.464;15.828;31.292;;;;;;;;;;;;;;;;;;;;
 20-24;12.763;14.219;26.982;15.415;15.616;31.031;16.943;17.557;34.500;;;;;;;;;;;;;;;;;;;;
 25-29;12.932;14.377;27.309;15.492;15.931;31.423;18.065;18.771;36.836;;;;;;;;;;;;;;;;;;;;
 30-34;12.213;13.655;25.868;16.317;18.603;34.920;16.850;17.779;34.629;;;;;;;;;;;;;;;;;;;;
 35-39;11.539;13.245;24.784;15.049;17.134;32.183;16.695;19.534;36.229;;;;;;;;;;;;;;;;;;;;
 40-44;10.995;12.951;23.946;13.266;15.200;28.466;15.930;18.628;34.558;;;;;;;;;;;;;;;;;;;;
 45-49;8.589;10.405;18.994;11.920;14.042;25.962;14.153;16.690;30.843;;;;;;;;;;;;;;;;;;;;
 50-54;6.460;7.916;14.376;10.788;13.081;23.869;12.774;15.536;28.310;;;;;;;;;;;;;;;;;;;;
 55-59;4.940;6.065;11.005;8.751;10.987;19.738;11.913;15.012;26.925;;;;;;;;;;;;;;;;;;;;
 60-64;3.529;4.362;7.891;6.431;8.279;14.710;9.086;11.977;21.063;;;;;;;;;;;;;;;;;;;;
 65-69;2.521;3.411;5.932;4.892;6.439;11.331;6.547;8.961;15.508;;;;;;;;;;;;;;;;;;;;
 70-74;1.691;2.384;4.075;3.089;4.228;7.317;4.558;6.512;11.070;;;;;;;;;;;;;;;;;;;;
 75-79;1.161;1.748;2.909;1.838;2.880;4.718;2.754;4.198;6.952;;;;;;;;;;;;;;;;;;;;
 80 y más;957;1.723;2.680;1.660;2.985;4.645;2.239;4.148;6.387;;;;;;;;;;;;;;;;;;;;
Población total ;141.223;156.710;297.933;180.174;200.279;380.453;209.777;235.174;444.951;;;;;;;;;;;;;;;;;;;;
;2005 Engativá;;;2015 Engativá;;; 2020 Engativá;;;;;;;;;;;;;;;;;;;;;;
Grupo de edad;Hombres;Mujeres;Total;Hombres;Mujeres;Total;Hombres;Mujeres;Total;;;;;;;;;;;;;;;;;;;;
 0-4;31.399;30.522;61.921;29.959;28.783;58.742;28.825;27.267;56.092;;;;;;;;;;;;;;;;;;;;
 5-9  ;33.347;32.550;65.897;30.115;29.007;59.122;29.402;27.602;57.004;;;;;;;;;;;;;;;;;;;;
 10-14  ;34.457;33.619;68.076;30.774;29.669;60.443;30.413;28.501;58.914;;;;;;;;;;;;;;;;;;;;
 15-19;33.130;32.825;65.955;33.092;32.546;65.638;31.140;30.231;61.371;;;;;;;;;;;;;;;;;;;;
 20-24;35.598;39.324;74.922;37.085;36.625;73.710;34.033;33.439;67.472;;;;;;;;;;;;;;;;;;;;
 25-29;34.190;37.696;71.886;35.340;35.420;70.760;35.354;34.806;70.160;;;;;;;;;;;;;;;;;;;;
 30-34;29.798;33.033;62.831;34.393;38.169;72.562;33.380;33.340;66.720;;;;;;;;;;;;;;;;;;;;
 35-39;29.467;33.536;63.003;33.194;36.787;69.981;34.765;38.495;73.260;;;;;;;;;;;;;;;;;;;;
 40-44;28.632;33.430;62.062;29.839;33.275;63.114;32.463;35.905;68.368;;;;;;;;;;;;;;;;;;;;
 45-49;23.765;28.539;52.304;28.505;32.668;61.173;27.677;30.841;58.518;;;;;;;;;;;;;;;;;;;;
 50-54;18.143;22.036;40.179;26.190;30.885;57.075;26.971;30.996;57.967;;;;;;;;;;;;;;;;;;;;
 55-59;14.129;17.188;31.317;21.640;26.404;48.044;25.829;30.726;56.555;;;;;;;;;;;;;;;;;;;;
 60-64;10.795;13.227;24.022;17.019;21.288;38.307;20.895;25.978;46.873;;;;;;;;;;;;;;;;;;;;
 65-69;7.780;10.429;18.209;13.062;16.699;29.761;15.205;19.603;34.808;;;;;;;;;;;;;;;;;;;;
 70-74;5.664;7.909;13.573;8.956;11.897;20.853;10.732;14.436;25.168;;;;;;;;;;;;;;;;;;;;
 75-79;3.801;5.661;9.462;5.217;7.914;13.131;6.934;9.950;16.884;;;;;;;;;;;;;;;;;;;;
 80 y más;2.995;5.330;8.325;4.510;7.829;12.339;5.850;10.185;16.035;;;;;;;;;;;;;;;;;;;;
Población total ;377.090;416.854;793.944;418.890;455.865;874.755;429.868;462.301;892.169;;;;;;;;;;;;;;;;;;;;
;2005 Suba;;;2015 Suba;;; 2020 Suba;;;;;;;;;;;;;;;;;;;;;;
Grupo de edad;Hombres;Mujeres;Total;Hombres;Mujeres;Total;Hombres;Mujeres;Total;;;;;;;;;;;;;;;;;;;;
 0-4;39.030;38.638;77.668;43.621;42.883;86.504;49.283;46.724;96.007;;;;;;;;;;;;;;;;;;;;
 5-9  ;41.094;40.858;81.952;43.472;42.863;86.335;49.229;46.514;95.743;;;;;;;;;;;;;;;;;;;;
 10-14  ;42.171;41.914;84.085;44.122;43.539;87.661;49.414;46.829;96.243;;;;;;;;;;;;;;;;;;;;
 15-19;39.427;39.791;79.218;46.127;46.444;92.571;49.587;49.668;99.255;;;;;;;;;;;;;;;;;;;;
 20-24;39.140;44.091;83.231;47.804;48.335;96.139;53.730;54.534;108.264;;;;;;;;;;;;;;;;;;;;
 25-29;39.116;43.978;83.094;47.399;48.644;96.043;56.332;57.311;113.643;;;;;;;;;;;;;;;;;;;;
 30-34;35.652;40.304;75.956;48.182;54.817;102.999;52.921;54.600;107.521;;;;;;;;;;;;;;;;;;;;
 35-39;34.638;40.206;74.844;45.695;51.916;97.611;51.367;58.822;110.189;;;;;;;;;;;;;;;;;;;;
 40-44;32.559;38.791;71.350;39.751;45.449;85.200;49.461;56.585;106.046;;;;;;;;;;;;;;;;;;;;
 45-49;26.626;32.638;59.264;37.405;43.974;81.379;43.035;49.595;92.630;;;;;;;;;;;;;;;;;;;;
 50-54;19.962;24.751;44.713;33.744;40.833;74.577;40.059;47.597;87.656;;;;;;;;;;;;;;;;;;;;
 55-59;14.808;18.388;33.196;26.548;33.253;59.801;36.453;44.917;81.370;;;;;;;;;;;;;;;;;;;;
 60-64;10.615;13.280;23.895;19.586;25.159;44.745;28.844;37.147;65.991;;;;;;;;;;;;;;;;;;;;
 65-69;7.230;9.901;17.131;14.214;18.665;32.879;20.601;27.546;48.147;;;;;;;;;;;;;;;;;;;;
 70-74;5.172;7.381;12.553;9.573;13.072;22.645;13.868;19.345;33.213;;;;;;;;;;;;;;;;;;;;
 75-79;3.401;5.182;8.583;5.457;8.533;13.990;8.441;12.537;20.978;;;;;;;;;;;;;;;;;;;;
 80 y más;2.776;5.071;7.847;4.888;8.769;13.657;6.663;12.038;18.701;;;;;;;;;;;;;;;;;;;;
Población total ;433.417;485.163;918.580;557.588;617.148;1.174.736;659.288;722.309;1.381.597;;;;;;;;;;;;;;;;;;;;
;2005 Barrios Unidos;;;2015 Barrios Unidos;;; 2020 Barrios Unidos;;;;;;;;;;;;;;;;;;;;;;
Grupo de edad;Hombres;Mujeres;Total;Hombres;Mujeres;Total;Hombres;Mujeres;Total;;;;;;;;;;;;;;;;;;;;
 0-4;7.353;6.900;14.253;6.605;6.173;12.778;6.755;6.286;13.041;;;;;;;;;;;;;;;;;;;;
 5-9  ;8.126;7.654;15.780;6.906;6.467;13.373;7.315;6.537;13.852;;;;;;;;;;;;;;;;;;;;
 10-14  ;8.153;7.676;15.829;6.851;6.422;13.273;8.194;7.070;15.264;;;;;;;;;;;;;;;;;;;;
 15-19;8.794;8.405;17.199;8.263;7.901;16.164;8.834;7.489;16.323;;;;;;;;;;;;;;;;;;;;
 20-24;10.395;11.052;21.447;10.171;9.764;19.935;10.205;8.738;18.943;;;;;;;;;;;;;;;;;;;;
 25-29;9.473;10.053;19.526;9.198;8.960;18.158;9.996;8.561;18.557;;;;;;;;;;;;;;;;;;;;
 30-34;7.855;8.382;16.237;8.528;9.184;17.712;10.136;8.793;18.929;;;;;;;;;;;;;;;;;;;;
 35-39;7.474;8.182;15.656;7.915;8.511;16.426;11.468;10.993;22.461;;;;;;;;;;;;;;;;;;;;
 40-44;7.921;8.892;16.813;7.758;8.394;16.152;10.516;10.058;20.574;;;;;;;;;;;;;;;;;;;;
 45-49;7.415;8.556;15.971;8.359;9.288;17.647;9.306;8.959;18.265;;;;;;;;;;;;;;;;;;;;
 50-54;6.028;7.035;13.063;8.183;9.352;17.535;9.434;9.354;18.788;;;;;;;;;;;;;;;;;;;;
 55-59;5.705;6.665;12.370;8.214;9.710;17.924;10.117;10.356;20.473;;;;;;;;;;;;;;;;;;;;
 60-64;4.499;5.296;9.795;6.674;8.084;14.758;9.026;9.622;18.648;;;;;;;;;;;;;;;;;;;;
 65-69;2.692;3.460;6.152;4.245;5.253;9.498;6.741;7.434;14.175;;;;;;;;;;;;;;;;;;;;
 70-74;2.101;2.809;4.910;3.119;4.007;7.126;5.704;6.554;12.258;;;;;;;;;;;;;;;;;;;;
 75-79;1.837;2.616;4.453;2.369;3.467;5.836;3.811;4.673;8.484;;;;;;;;;;;;;;;;;;;;
 80 y más;1.768;2.994;4.762;2.497;4.168;6.665;2.966;4.452;7.418;;;;;;;;;;;;;;;;;;;;
Población total ;107.589;116.627;224.216;115.855;125.105;240.960;140.524;135.929;276.453;;;;;;;;;;;;;;;;;;;;
;2005 Teusaquillo;;;2015 Teusaquillo;;; 2020 Teusaquillo;;;;;;;;;;;;;;;;;;;;;;
Grupo de edad;Hombres;Mujeres;Total;Hombres;Mujeres;Total;Hombres;Mujeres;Total;;;;;;;;;;;;;;;;;;;;
 0-4;3.432;3.463;6.895;3.124;3.067;6.191;2.604;2.443;5.047;;;;;;;;;;;;;;;;;;;;
 5-9  ;3.672;3.722;7.394;3.171;3.116;6.287;3.008;2.751;5.759;;;;;;;;;;;;;;;;;;;;
 10-14  ;3.932;3.982;7.914;3.354;3.300;6.654;3.635;3.262;6.897;;;;;;;;;;;;;;;;;;;;
 15-19;5.283;5.436;10.719;5.043;5.062;10.105;4.008;3.830;7.838;;;;;;;;;;;;;;;;;;;;
 20-24;6.712;7.715;14.427;6.697;6.750;13.447;4.623;4.468;9.091;;;;;;;;;;;;;;;;;;;;
 25-29;6.550;7.515;14.065;6.482;6.633;13.115;4.644;4.491;9.135;;;;;;;;;;;;;;;;;;;;
 30-34;4.955;5.716;10.671;5.471;6.203;11.674;5.380;5.276;10.656;;;;;;;;;;;;;;;;;;;;
 35-39;4.606;5.454;10.060;4.965;5.622;10.587;5.945;6.473;12.418;;;;;;;;;;;;;;;;;;;;
 40-44;4.891;5.950;10.841;4.883;5.564;10.447;5.597;6.087;11.684;;;;;;;;;;;;;;;;;;;;
 45-49;4.531;5.675;10.206;5.209;6.100;11.309;4.479;4.907;9.386;;;;;;;;;;;;;;;;;;;;
 50-54;3.934;4.982;8.916;5.441;6.559;12.000;4.393;4.961;9.354;;;;;;;;;;;;;;;;;;;;
 55-59;3.218;4.083;7.301;4.720;5.890;10.610;4.709;5.514;10.223;;;;;;;;;;;;;;;;;;;;
 60-64;2.386;3.050;5.436;3.601;4.611;8.212;4.234;5.185;9.419;;;;;;;;;;;;;;;;;;;;
 65-69;1.901;2.665;4.566;3.062;4.006;7.068;3.506;4.453;7.959;;;;;;;;;;;;;;;;;;;;
 70-74;1.489;2.174;3.663;2.259;3.073;5.332;2.611;3.461;6.072;;;;;;;;;;;;;;;;;;;;
 75-79;1.133;1.770;2.903;1.494;2.324;3.818;1.638;2.314;3.952;;;;;;;;;;;;;;;;;;;;
 80 y más;1.048;1.968;3.016;1.521;2.715;4.236;1.637;2.842;4.479;;;;;;;;;;;;;;;;;;;;
Población total ;63.673;75.320;138.993;70.497;80.595;151.092;66.651;72.718;139.369;;;;;;;;;;;;;;;;;;;;
;2005 Los Mártires;;;2015 Los Mártires;;;2020 Los Mártires;;;;;;;;;;;;;;;;;;;;;;
Grupo de edad;Hombres;Mujeres;Total;Hombres;Mujeres;Total;Hombres;Mujeres;Total;;;;;;;;;;;;;;;;;;;;
 0-4;3.859;3.489;7.348;3.451;2.985;6.436;2.748;2.574;5.322;;;;;;;;;;;;;;;;;;;;
 5-9  ;3.762;3.414;7.176;3.184;2.765;5.949;2.905;2.649;5.554;;;;;;;;;;;;;;;;;;;;
 10-14  ;3.992;3.622;7.614;3.343;2.903;6.246;3.143;2.805;5.948;;;;;;;;;;;;;;;;;;;;
 15-19;4.228;3.893;8.121;3.960;3.507;7.467;3.432;2.921;6.353;;;;;;;;;;;;;;;;;;;;
 20-24;4.710;4.815;9.525;4.584;4.075;8.659;3.504;3.016;6.520;;;;;;;;;;;;;;;;;;;;
 25-29;4.484;4.576;9.060;4.335;3.906;8.241;3.624;3.123;6.747;;;;;;;;;;;;;;;;;;;;
 30-34;3.488;3.579;7.067;3.784;3.757;7.541;3.557;3.103;6.660;;;;;;;;;;;;;;;;;;;;
 35-39;3.217;3.385;6.602;3.403;3.373;6.776;3.753;3.613;7.366;;;;;;;;;;;;;;;;;;;;
 40-44;3.188;3.436;6.624;3.118;3.108;6.226;3.626;3.485;7.111;;;;;;;;;;;;;;;;;;;;
 45-49;3.168;3.508;6.676;3.566;3.650;7.216;3.002;2.905;5.907;;;;;;;;;;;;;;;;;;;;
 50-54;2.533;2.836;5.369;3.437;3.612;7.049;2.924;2.914;5.838;;;;;;;;;;;;;;;;;;;;
 55-59;2.043;2.293;4.336;2.947;3.200;6.147;2.892;2.972;5.864;;;;;;;;;;;;;;;;;;;;
 60-64;1.608;1.818;3.426;2.392;2.658;5.050;2.729;2.923;5.652;;;;;;;;;;;;;;;;;;;;
 65-69;995;1.225;2.220;1.571;1.780;3.351;2.008;2.225;4.233;;;;;;;;;;;;;;;;;;;;
 70-74;792;1.013;1.805;1.178;1.385;2.563;1.447;1.671;3.118;;;;;;;;;;;;;;;;;;;;
 75-79;595;811;1.406;773;1.028;1.801;964;1.188;2.152;;;;;;;;;;;;;;;;;;;;
 80 y más;572;919;1.491;814;1.226;2.040;757;1.132;1.889;;;;;;;;;;;;;;;;;;;;
Población total ;47.234;48.632;95.866;49.840;48.918;98.758;47.015;45.219;92.234;;;;;;;;;;;;;;;;;;;;
;2005 Antonio Nariño;;;2015 Antonio Nariño;;; 2020 Antonio Nariño;;;;;;;;;;;;;;;;;;;;;;
Grupo de edad;Hombres;Mujeres;Total;Hombres;Mujeres;Total;Hombres;Mujeres;Total;;;;;;;;;;;;;;;;;;;;
 0-4;4.706;4.495;9.201;4.186;3.884;8.070;3.817;3.588;7.405;;;;;;;;;;;;;;;;;;;;
 5-9  ;4.682;4.487;9.169;3.941;3.663;7.604;3.915;3.604;7.519;;;;;;;;;;;;;;;;;;;;
 10-14  ;4.947;4.741;9.688;4.118;3.832;7.950;4.010;3.637;7.647;;;;;;;;;;;;;;;;;;;;
 15-19;4.851;4.720;9.571;4.517;4.286;8.803;4.058;3.719;7.777;;;;;;;;;;;;;;;;;;;;
 20-24;4.840;5.245;10.085;4.699;4.474;9.173;4.050;3.750;7.800;;;;;;;;;;;;;;;;;;;;
 25-29;4.211;4.553;8.764;4.056;3.919;7.975;4.171;3.869;8.040;;;;;;;;;;;;;;;;;;;;
 30-34;3.559;3.869;7.428;3.833;4.095;7.928;3.978;3.741;7.719;;;;;;;;;;;;;;;;;;;;
 35-39;3.422;3.819;7.241;3.599;3.837;7.436;3.993;4.157;8.150;;;;;;;;;;;;;;;;;;;;
 40-44;3.442;3.941;7.383;3.349;3.594;6.943;3.639;3.785;7.424;;;;;;;;;;;;;;;;;;;;
 45-49;3.211;3.780;6.991;3.597;3.964;7.561;3.234;3.386;6.620;;;;;;;;;;;;;;;;;;;;
 50-54;2.594;3.088;5.682;3.497;3.965;7.462;3.153;3.404;6.557;;;;;;;;;;;;;;;;;;;;
 55-59;1.951;2.326;4.277;2.792;3.274;6.066;3.153;3.520;6.673;;;;;;;;;;;;;;;;;;;;
 60-64;1.473;1.768;3.241;2.172;2.607;4.779;2.898;3.377;6.275;;;;;;;;;;;;;;;;;;;;
 65-69;1.132;1.485;2.617;1.775;2.179;3.954;2.270;2.740;5.010;;;;;;;;;;;;;;;;;;;;
 70-74;841;1.149;1.990;1.244;1.583;2.827;1.563;1.966;3.529;;;;;;;;;;;;;;;;;;;;
 75-79;652;951;1.603;841;1.217;2.058;996;1.339;2.335;;;;;;;;;;;;;;;;;;;;
 80 y más;628;1.089;1.717;887;1.465;2.352;945;1.551;2.496;;;;;;;;;;;;;;;;;;;;
Población total ;51.142;55.506;106.648;53.103;55.838;108.941;53.843;55.133;108.976;;;;;;;;;;;;;;;;;;;;
;2005 Puente Aranda;;;2015 Puente Aranda;;; 2020 Puente Aranda;;;;;;;;;;;;;;;;;;;;;;
Grupo de edad;Hombres;Mujeres;Total;Hombres;Mujeres;Total;Hombres;Mujeres;Total;;;;;;;;;;;;;;;;;;;;
 0-4;9.665;8.991;18.656;8.402;7.628;16.030;6.127;5.751;11.878;;;;;;;;;;;;;;;;;;;;
 5-9  ;10.121;9.456;19.577;8.326;7.581;15.907;6.530;5.988;12.518;;;;;;;;;;;;;;;;;;;;
 10-14  ;10.799;10.084;20.883;8.785;8.006;16.791;7.063;6.363;13.426;;;;;;;;;;;;;;;;;;;;
 15-19;11.099;10.521;21.620;10.100;9.385;19.485;7.565;6.700;14.265;;;;;;;;;;;;;;;;;;;;
 20-24;12.154;12.813;24.967;11.513;10.740;22.253;8.148;7.298;15.446;;;;;;;;;;;;;;;;;;;;
 25-29;11.631;12.239;23.870;10.934;10.346;21.280;8.579;7.692;16.271;;;;;;;;;;;;;;;;;;;;
 30-34;9.852;10.424;20.276;10.370;10.835;21.205;8.430;7.661;16.091;;;;;;;;;;;;;;;;;;;;
 35-39;9.771;10.605;20.376;10.032;10.466;20.498;8.732;8.769;17.501;;;;;;;;;;;;;;;;;;;;
 40-44;9.485;10.556;20.041;9.006;9.454;18.460;8.029;8.052;16.081;;;;;;;;;;;;;;;;;;;;
 45-49;7.705;8.811;16.516;8.421;9.076;17.497;6.642;6.709;13.351;;;;;;;;;;;;;;;;;;;;
 50-54;5.778;6.681;12.459;7.606;8.427;16.033;6.567;6.832;13.399;;;;;;;;;;;;;;;;;;;;
 55-59;4.553;5.273;9.826;6.363;7.287;13.650;6.585;7.080;13.665;;;;;;;;;;;;;;;;;;;;
 60-64;3.694;4.310;8.004;5.320;6.241;11.561;5.563;6.233;11.796;;;;;;;;;;;;;;;;;;;;
 65-69;3.109;3.955;7.064;4.757;5.700;10.457;4.206;4.876;9.082;;;;;;;;;;;;;;;;;;;;
 70-74;2.349;3.110;5.459;3.385;4.207;7.592;3.068;3.710;6.778;;;;;;;;;;;;;;;;;;;;
 75-79;1.685;2.376;4.061;2.115;2.989;5.104;2.101;2.713;4.814;;;;;;;;;;;;;;;;;;;;
 80 y más;1.284;2.151;3.435;1.769;2.842;4.611;2.125;3.315;5.440;;;;;;;;;;;;;;;;;;;;
Población total ;124.734;132.356;257.090;127.204;131.210;258.414;106.060;105.742;211.802;;;;;;;;;;;;;;;;;;;;
;2005 Candelaria;;;2015 Candelaria;;; 2020 Candelaria;;;;;;;;;;;;;;;;;;;;;;
Grupo de edad;Hombres;Mujeres;Total;Hombres;Mujeres;Total;Hombres;Mujeres;Total;;;;;;;;;;;;;;;;;;;;
 0-4;789;643;1.432;677;531;1.208;510;475;985;;;;;;;;;;;;;;;;;;;;
 5-9  ;886;731;1.617;728;569;1.297;597;533;1.130;;;;;;;;;;;;;;;;;;;;
 10-14  ;903;743;1.646;731;574;1.305;708;614;1.322;;;;;;;;;;;;;;;;;;;;
 15-19;1.344;1.120;2.464;1.219;971;2.190;832;614;1.446;;;;;;;;;;;;;;;;;;;;
 20-24;1.369;1.264;2.633;1.286;1.029;2.315;953;716;1.669;;;;;;;;;;;;;;;;;;;;
 25-29;1.188;1.093;2.281;1.108;896;2.004;855;641;1.496;;;;;;;;;;;;;;;;;;;;
 30-34;923;853;1.776;970;863;1.833;1.081;819;1.900;;;;;;;;;;;;;;;;;;;;
 35-39;777;736;1.513;795;706;1.501;986;822;1.808;;;;;;;;;;;;;;;;;;;;
 40-44;833;806;1.639;786;701;1.487;882;733;1.615;;;;;;;;;;;;;;;;;;;;
 45-49;784;778;1.562;852;780;1.632;779;650;1.429;;;;;;;;;;;;;;;;;;;;
 50-54;693;698;1.391;909;852;1.761;731;627;1.358;;;;;;;;;;;;;;;;;;;;
 55-59;606;610;1.216;846;819;1.665;790;695;1.485;;;;;;;;;;;;;;;;;;;;
 60-64;498;502;1.000;716;709;1.425;682;622;1.304;;;;;;;;;;;;;;;;;;;;
 65-69;297;328;625;454;456;910;530;504;1034;;;;;;;;;;;;;;;;;;;;
 70-74;203;232;435;290;303;593;407;401;808;;;;;;;;;;;;;;;;;;;;
 75-79;156;191;347;198;232;430;283;296;579;;;;;;;;;;;;;;;;;;;;
 80 y más;169;239;408;234;306;540;203;259;462;;;;;;;;;;;;;;;;;;;;
Población total ;12.418;11.567;23.985;12.799;11.297;24.096;11.809;10.021;21.830;;;;;;;;;;;;;;;;;;;;
;2005 Rafael Uribe Uribe;;;2015 Rafael Uribe Uribe;;; 2020 Rafael Uribe Uribe;;;;;;;;;;;;;;;;;;;;;;
Grupo de edad;Hombres;Mujeres;Total;Hombres;Mujeres;Total;Hombres;Mujeres;Total;;;;;;;;;;;;;;;;;;;;
 0-4;17.766;16.732;34.498;15.661;14.429;30.090;13.464;12.752;26.216;;;;;;;;;;;;;;;;;;;;
 5-9  ;18.694;17.674;36.368;15.606;14.406;30.012;13.485;12.709;26.194;;;;;;;;;;;;;;;;;;;;
 10-14  ;19.369;18.303;37.672;15.990;14.777;30.767;13.387;12.627;26.014;;;;;;;;;;;;;;;;;;;;
 15-19;18.063;17.330;35.393;16.682;15.718;32.400;13.333;12.640;25.973;;;;;;;;;;;;;;;;;;;;
 20-24;17.300;18.474;35.774;16.637;15.738;32.375;13.882;13.318;27.200;;;;;;;;;;;;;;;;;;;;
 25-29;15.607;16.633;32.240;14.894;14.298;29.192;14.161;13.612;27.773;;;;;;;;;;;;;;;;;;;;
 30-34;13.509;14.473;27.982;14.426;15.298;29.724;13.121;12.797;25.918;;;;;;;;;;;;;;;;;;;;
 35-39;13.160;14.469;27.629;13.712;14.519;28.231;12.561;13.557;26.118;;;;;;;;;;;;;;;;;;;;
 40-44;12.815;14.447;27.262;12.348;13.156;25.504;11.381;12.270;23.651;;;;;;;;;;;;;;;;;;;;
 45-49;10.286;11.923;22.209;11.411;12.483;23.894;9.809;10.653;20.462;;;;;;;;;;;;;;;;;;;;
 50-54;7.858;9.208;17.066;10.493;11.806;22.299;9.389;10.511;19.900;;;;;;;;;;;;;;;;;;;;
 55-59;6.049;7.101;13.150;8.581;9.979;18.560;9.036;10.462;19.498;;;;;;;;;;;;;;;;;;;;
 60-64;4.363;5.157;9.520;6.374;7.595;13.969;7.149;8.643;15.792;;;;;;;;;;;;;;;;;;;;
 65-69;3.093;3.990;7.083;4.802;5.845;10.647;5.303;6.641;11.944;;;;;;;;;;;;;;;;;;;;
 70-74;2.153;2.893;5.046;3.150;3.981;7.131;3.738;4.884;8.622;;;;;;;;;;;;;;;;;;;;
 75-79;1.652;2.364;4.016;2.103;3.023;5.126;2.281;3.180;5.461;;;;;;;;;;;;;;;;;;;;
 80 y más;1.407;2.396;3.803;1.967;3.219;5.186;1.912;3.238;5.150;;;;;;;;;;;;;;;;;;;;
Población total ;183.144;193.567;376.711;184.837;190.270;375.107;167.392;174.494;341.886;;;;;;;;;;;;;;;;;;;;
;2005 Ciudad Bolívar;;;2015 Ciudad Bolívar;;; 2020 Ciudad Bolívar;;;;;;;;;;;;;;;;;;;;;;
Grupo de edad;Hombres;Mujeres;Total;Hombres;Mujeres;Total;Hombres;Mujeres;Total;;;;;;;;;;;;;;;;;;;;
 0-4;32.327;30.362;62.689;34.949;33.123;68.072;38.447;36.606;75.053;;;;;;;;;;;;;;;;;;;;
 5-9  ;33.251;31.358;64.609;34.064;32.359;66.423;36.544;34.997;71.541;;;;;;;;;;;;;;;;;;;;
 10-14  ;33.258;31.351;64.609;33.698;32.042;65.740;34.275;33.210;67.485;;;;;;;;;;;;;;;;;;;;
 15-19;28.858;27.616;56.474;32.695;31.709;64.404;33.235;32.461;65.696;;;;;;;;;;;;;;;;;;;;
 20-24;26.025;27.713;53.738;30.689;29.884;60.573;33.873;33.511;67.384;;;;;;;;;;;;;;;;;;;;
 25-29;23.230;24.690;47.920;27.183;26.863;54.046;33.968;33.695;67.663;;;;;;;;;;;;;;;;;;;;
 30-34;20.744;22.168;42.912;27.126;29.659;56.785;29.760;29.957;59.717;;;;;;;;;;;;;;;;;;;;
 35-39;19.413;21.285;40.698;24.761;27.035;51.796;26.939;30.007;56.946;;;;;;;;;;;;;;;;;;;;
 40-44;17.103;19.230;36.333;20.172;22.163;42.335;23.889;26.595;50.484;;;;;;;;;;;;;;;;;;;;
 45-49;13.695;15.827;29.522;18.583;20.975;39.558;20.920;23.471;44.391;;;;;;;;;;;;;;;;;;;;
 50-54;10.315;12.054;22.369;16.844;19.560;36.404;19.091;22.080;41.171;;;;;;;;;;;;;;;;;;;;
 55-59;7.423;8.689;16.112;12.868;15.457;28.325;16.120;19.291;35.411;;;;;;;;;;;;;;;;;;;;
 60-64;5.134;6.054;11.188;9.162;11.279;20.441;12.141;15.176;27.317;;;;;;;;;;;;;;;;;;;;
 65-69;3.332;4.289;7.621;6.320;7.950;14.270;8.429;10.926;19.355;;;;;;;;;;;;;;;;;;;;
 70-74;2.206;2.953;5.159;3.935;5.144;9.079;5.423;7.333;12.756;;;;;;;;;;;;;;;;;;;;
 75-79;1.381;1.971;3.352;2.140;3.188;5.328;3.175;4.582;7.757;;;;;;;;;;;;;;;;;;;;
 80 y más;948;1.608;2.556;1.607;2.737;4.344;2.275;3.949;6.224;;;;;;;;;;;;;;;;;;;;
Población total ;278.643;289.218;567.861;336.796;351.127;687.923;378.504;397.847;776.351;;;;;;;;;;;;;;;;;;;;
;2005 Sumapaz;;;2015 Sumapaz;;; 2020 Sumapaz;;;;;;;;;;;;;;;;;;;;;;
Grupo de edad;Hombres;Mujeres;Total;Hombres;Mujeres;Total;Hombres;Mujeres;Total;;;;;;;;;;;;;;;;;;;;
 0-4;332;267;599;310;258;568;379;363;742;;;;;;;;;;;;;;;;;;;;
 5-9  ;367;300;667;327;273;600;370;353;723;;;;;;;;;;;;;;;;;;;;
 10-14  ;427;348;775;374;315;689;331;315;646;;;;;;;;;;;;;;;;;;;;
 15-19;310;258;568;309;264;573;326;268;594;;;;;;;;;;;;;;;;;;;;
 20-24;210;194;404;218;186;404;318;269;587;;;;;;;;;;;;;;;;;;;;
 25-29;205;194;399;211;184;395;366;318;684;;;;;;;;;;;;;;;;;;;;
 30-34;188;174;362;215;206;421;299;264;563;;;;;;;;;;;;;;;;;;;;
 35-39;243;235;478;274;263;537;235;225;460;;;;;;;;;;;;;;;;;;;;
 40-44;208;209;417;219;211;430;239;238;477;;;;;;;;;;;;;;;;;;;;
 45-49;179;173;352;209;205;414;204;195;399;;;;;;;;;;;;;;;;;;;;
 50-54;116;119;235;168;168;336;244;243;487;;;;;;;;;;;;;;;;;;;;
 55-59;89;93;182;136;144;280;202;213;415;;;;;;;;;;;;;;;;;;;;
 60-64;80;81;161;125;134;259;176;187;363;;;;;;;;;;;;;;;;;;;;
 65-69;67;76;143;111;123;234;112;132;244;;;;;;;;;;;;;;;;;;;;
 70-74;48;55;103;74;83;157;77;98;175;;;;;;;;;;;;;;;;;;;;
 75-79;28;32;60;38;50;88;60;75;135;;;;;;;;;;;;;;;;;;;;
 80 y más;16;31;47;31;44;75;56;88;144;;;;;;;;;;;;;;;;;;;;
Población total ;3.113;2.839;5.952;3.349;3.111;6.460;3.994;3.844;7.838;;;;;;;;;;;;;;;;;;;;
;;;;;;;;;;;;;;;;;;;;;;;;;;;;;
Fuente: ;Proyecciones de población para Bogotá D.C., localidades DANE y SDP 2000-2015 de junio 13 del 2008. Secretaría Distrital de Planeación. Subsecretaría de Información y Estudios Estratégicos. Dirección de Estudios Macro. Boletín No. 69, diciembre 2014. Proyecciones de población por localidades para Bogotá 2016 –2020. ;;;;;;;;;;;;;;;;;;;;;;;;;;;;
;Para el total de Bogotá en 2020: Proyecciones de Población 2018-2023, total nacional y departamental por área, grupos quinquenales de edad y sexo a Junio 30 de 2019.;;;;;;;;;;;;;;;;;;;;;;;;;;;;
